id,sentence1,sentence2
1,The cat sat on the mat.,A feline was lounging on the carpet.
2,A boy is playing with a ball.,A child is having fun with a toy.
3,She read the book under the tree.,A girl was enjoying a novel in the shade.
4,The sun is shining brightly.,It is a sunny day.
5,They are running in the park.,A group of people is jogging outdoors.
6,The teacher is explaining the lesson.,An instructor is giving a lecture.
7,He cooked dinner for his family.,A man prepared food for his loved ones.
8,The car stopped at the red light.,A vehicle came to a halt at the signal.
9,A baby is sleeping peacefully.,An infant is resting calmly.
10,Birds are flying across the sky.,Some animals are soaring above.
11,She painted a picture of the sea.,An artist created an ocean scene.
12,They are watching a movie together.,A couple is enjoying a film.
13,He is fixing his bicycle.,A person is repairing a bike.
14,The dog barked at the stranger.,A canine reacted to someone unfamiliar.
15,Children are playing on the swings.,Kids are having fun at the playground.
16,The wind is blowing through the trees.,The breeze moves the branches.
17,He opened the door slowly.,A man carefully entered the room.
18,The chef is preparing a meal.,Someone is making food.
19,She is listening to music.,A girl enjoys some tunes.
20,They built a sandcastle on the beach.,A family created a sculpture by the sea.
21,The doctor is examining a patient.,A medical professional checks someone.
22,He is swimming in the pool.,A man is in the water.
23,A woman is walking her dog.,She strolls with her pet.
24,The child is drawing with crayons.,A young artist uses colored wax.
25,They climbed the mountain together.,A group hiked up a peak.
26,The phone is ringing loudly.,A call is coming through.
27,She planted flowers in the garden.,A lady is gardening.
28,A man is shaving in the bathroom.,He is grooming himself.
29,The kids are watching cartoons.,Children are entertained by animation.
30,He is reading the newspaper.,A person catches up on the news.
31,They danced at the party.,People moved to music.
32,The snow is falling gently.,Flakes are drifting down.
33,He is brushing his teeth.,A man is cleaning his mouth.
34,A girl is tying her shoes.,She secures her footwear.
35,They are singing a song.,A group performs music.
36,The mailman delivered the letters.,Post was brought to the house.
37,She is baking cookies.,A woman makes sweet treats.
38,They are riding bicycles.,People are cycling.
39,A boy is building a model airplane.,He assembles a toy plane.
40,The fire is burning brightly.,Flames light up the night.
41,She is sewing a dress.,A woman stitches clothing.
42,They are studying in the library.,Students read books.
43,The train is arriving at the station.,A locomotive pulls in.
44,He is climbing a ladder.,A man ascends the steps.
45,The baby is crying.,An infant expresses discomfort.
46,She is looking out the window.,A girl observes the outside.
47,They are shopping at the market.,People buy groceries.
48,He is playing the guitar.,A musician strums chords.
49,She is watering the plants.,A woman tends her garden.
50,A man is fishing by the lake.,He tries to catch fish.
